{"cameraMode":{"drawMode":0,"name":"Shaded","section":"Shading Mode"},"sceneLighting":false,"audioPlay":false,"sceneViewState":{"showFog":true,"showMaterialUpdate":false,"showSkybox":true,"showFlares":true,"showImageEffects":true,"showParticleSystems":true},"in2DMode":false,"pivot":{"x":1.653181552886963,"y":1.9259077310562134,"z":-2.788268566131592},"rotation":{"x":-0.2053728848695755,"y":-0.23745353519916535,"z":0.05143418908119202,"w":-0.9480466246604919},"size":5.763554096221924,"orthographic":false}