{"cameraMode":{"drawMode":0,"name":"Shaded","section":"Shading Mode"},"sceneLighting":false,"audioPlay":false,"sceneViewState":{"showFog":true,"showMaterialUpdate":false,"showSkybox":true,"showFlares":true,"showImageEffects":true,"showParticleSystems":true},"in2DMode":false,"pivot":{"x":5.517984390258789,"y":-6.454130172729492,"z":7.412966728210449},"rotation":{"x":-0.20991580188274384,"y":-0.12808986008167268,"z":0.027740463614463807,"w":-0.968895673751831},"size":22.0,"orthographic":false}